Falkner Kinglake,fkinglake0@si.edu
Arvy Spaduzza,aspaduzza1@e-recht24.de
Gasparo Bee,gbee2@wsj.com
Rosamond Winter,rwinter3@homestead.com
Kale Forkan,kforkan4@imageshack.us
Dale Glabach,dglabach5@sbwire.com
Ram Keysall,rkeysall6@blinklist.com
Tarah Woodyear,twoodyear7@photobucket.com
Bartlet Hebden,bhebden8@princeton.edu
Lin Fenney,lfenney9@bloglines.com
Julian Mizzen,jmizzena@cam.ac.uk
Erma Faucherand,efaucherandb@ameblo.jp
Colas Rase,crasec@theglobeandmail.com
Rorie Cutill,rcutilld@cbsnews.com
Filip Dudman,fdudmane@whitehouse.gov
Gunther Chapelhow,gchapelhowf@aboutads.info
Alejandra Maybey,amaybeyg@creativecommons.org
Pyotr Ilewicz,pilewiczh@zimbio.com
Christophe Kellen,ckelleni@bing.com
Bel Dahill,bdahillj@wordpress.com
Maximo Syphas,msyphask@dell.com
Noach Edghinn,nedghinnl@163.com
Diego Burnard,dburnardm@irs.gov
Carleen Cornu,ccornun@columbia.edu
Beret Gradwell,bgradwello@ehow.com
Casey Belfelt,cbelfeltp@mashable.com
Moe Halewood,mhalewoodq@cbslocal.com
Olva Falkus,ofalkusr@angelfire.com
Baudoin Vakhlov,bvakhlovs@bloglines.com
Fidela Vasic,fvasict@people.com.cn
Gaven Spurgin,gspurginu@berkeley.edu
Yul Cunnow,ycunnowv@domainmarket.com
Sherwin Lawey,slaweyw@tinyurl.com
Kelley Sowerbutts,ksowerbuttsx@phpbb.com
Melantha Goodere,mgooderey@wordpress.com
Hyman McGawn,hmcgawnz@senate.gov
Leigh Pedrozzi,lpedrozzi10@sina.com.cn
Gregorius Desborough,gdesborough11@fema.gov
Sly Van Daalen,svan12@jiathis.com
Raine Coil,rcoil13@weebly.com
Bart Jermey,bjermey14@networkadvertising.org
Garreth Wormald,gwormald15@blinklist.com
Glennie Bucknell,gbucknell16@blogger.com
Haven Matschuk,hmatschuk17@last.fm
Petunia Carstairs,pcarstairs18@simplemachines.org
Glennis Catton,gcatton19@omniture.com
Wernher Lackner,wlackner1a@reddit.com
Fredi Griss,fgriss1b@google.de
Wenona Alwin,walwin1c@nps.gov
Ogden Shemilt,oshemilt1d@blogs.com
Wendi Eginton,weginton1e@pagesperso-orange.fr
Starlin Batchelar,sbatchelar1f@pagesperso-orange.fr
Inness McKiernan,imckiernan1g@cyberchimps.com
Jarib Pinkie,jpinkie1h@elpais.com
Claude Guidone,cguidone1i@plala.or.jp
Kelly Lawling,klawling1j@amazon.de
Rebe Origin,rorigin1k@1und1.de
Claudette Selkirk,cselkirk1l@sourceforge.net
Vic Jirusek,vjirusek1m@wikimedia.org
Darrelle Blenkinsop,dblenkinsop1n@hibu.com
Frederik Coleborn,fcoleborn1o@miitbeian.gov.cn
Richardo Shrieves,rshrieves1p@upenn.edu
Ash Ripley,aripley1q@chron.com
Mufi Rawcliff,mrawcliff1r@indiegogo.com
Eve Beushaw,ebeushaw1s@mac.com
Tarrah Fawdry,tfawdry1t@theglobeandmail.com
Ardelia Stemson,astemson1u@mysql.com
Pattie Gimblett,pgimblett1v@deviantart.com
Leonanie Harsum,lharsum1w@yelp.com
Calv Janik,cjanik1x@gnu.org
Vernen Ashment,vashment1y@ehow.com
Nevil Rodenburg,nrodenburg1z@mediafire.com
Lotta Bachmann,lbachmann20@netscape.com
Roldan Dzeniskevich,rdzeniskevich21@ow.ly
Had Dreossi,hdreossi22@sogou.com
Ransell Heel,rheel23@tuttocitta.it
Sigvard Chettoe,schettoe24@cpanel.net
Darnell Swash,dswash25@e-recht24.de
Joela Philippon,jphilippon26@deviantart.com
Nolie Chadbourne,nchadbourne27@ihg.com
Ardyth Menham,amenham28@state.gov
Julieta Ranscome,jranscome29@surveymonkey.com
Rayshell Crutcher,rcrutcher2a@patch.com
Catherina Aitchison,caitchison2b@sfgate.com
Amalia Vant,avant2c@bluehost.com
Kelcey Truwert,ktruwert2d@amazon.co.uk
Jehanna Roggieri,jroggieri2e@jigsy.com
Jessalin Spurritt,jspurritt2f@tripadvisor.com
Yurik Crennan,ycrennan2g@mit.edu
Bernete Meachen,bmeachen2h@ibm.com
Elizabeth Biddiss,ebiddiss2i@usnews.com
Viole Skoyles,vskoyles2j@vistaprint.com
Eddie Jochens,ejochens2k@theguardian.com
Wyndham Bockmaster,wbockmaster2l@weebly.com
Rafaello Worge,rworge2m@mtv.com
Marrilee Drance,mdrance2n@vistaprint.com
Jorie Adrain,jadrain2o@seesaa.net
Letti Domenichini,ldomenichini2p@lulu.com
Astrix Deniske,adeniske2q@altervista.org
Jeremie Avis,javis2r@hubpages.com
Raul Fortune,rfortune2s@histats.com
Winthrop Huggan,whuggan2t@bloglines.com
Minor Braycotton,mbraycotton2u@ed.gov
Marleen Toffanelli,mtoffanelli2v@loc.gov
Vi Ivanishchev,vivanishchev2w@instagram.com
Kaitlin Macourek,kmacourek2x@marketwatch.com
Rachel Doyley,rdoyley2y@etsy.com
Sela Iacovucci,siacovucci2z@timesonline.co.uk
Krisha Kohlerman,kkohlerman30@answers.com
Milka Frie,mfrie31@slideshare.net
Clarke Mussilli,cmussilli32@xrea.com
Wolf Cellier,wcellier33@independent.co.uk
Janette Bitchener,jbitchener34@linkedin.com
Emmalynne St Angel,est35@cornell.edu
Meggy Crowther,mcrowther36@exblog.jp
Dasie Buche,dbuche37@pcworld.com
Marika Granleese,mgranleese38@theglobeandmail.com
Myrtice Cratere,mcratere39@tumblr.com
Ernst Gotecliffe,egotecliffe3a@webnode.com
Candice Colyer,ccolyer3b@icq.com
Mufinella Axten,maxten3c@shinystat.com
Derby Crowson,dcrowson3d@time.com
Ferdie Muzzillo,fmuzzillo3e@admin.ch
Roselin Leynagh,rleynagh3f@sun.com
Michel Seekings,mseekings3g@networkadvertising.org
Ailee Kleinzweig,akleinzweig3h@studiopress.com
Farr Kalaher,fkalaher3i@google.co.jp
Jennette Feather,jfeather3j@slashdot.org
Hagen Isaksen,hisaksen3k@eepurl.com
Cyndie Jewson,cjewson3l@google.com.br
Sebastien Testo,stesto3m@flickr.com
Emmy Jephson,ejephson3n@wix.com
Lizzie Marr,lmarr3o@t-online.de
Connie Salomon,csalomon3p@google.it
Andi Beaconsall,abeaconsall3q@behance.net
Eddy Leipold,eleipold3r@devhub.com
Virgil Coryndon,vcoryndon3s@unc.edu
Dell Finders,dfinders3t@walmart.com
Benn Winterscale,bwinterscale3u@bandcamp.com
Ruthe Ximenez,rximenez3v@gnu.org
Lizette Vitall,lvitall3w@reddit.com
Kellia Baszkiewicz,kbaszkiewicz3x@gmpg.org
Pollyanna Wedlock,pwedlock3y@blogs.com
Yvonne Sames,ysames3z@biglobe.ne.jp
Sianna Giacobillo,sgiacobillo40@cdc.gov
Titos Sidary,tsidary41@economist.com
Crystal Zavattero,czavattero42@pagesperso-orange.fr
Ashil Benito,abenito43@google.nl
Maryanne Sissens,msissens44@networksolutions.com
Gage Carter,gcarter45@cdc.gov
Iggie Delion,idelion46@xing.com
Shadow Anthony,santhony47@sphinn.com
Ferdinande Swinley,fswinley48@archive.org
Jamaal Isaacs,jisaacs49@boston.com
Annmarie Clyne,aclyne4a@hibu.com
Munmro Antley,mantley4b@vkontakte.ru
Noni O'Sirin,nosirin4c@samsung.com
Joyan Howton,jhowton4d@bloomberg.com
Celina Wais,cwais4e@unc.edu
Sandie Elsmere,selsmere4f@wordpress.org
Ardelle McArte,amcarte4g@pinterest.com
Hermann Crombleholme,hcrombleholme4h@upenn.edu
Clemens Fittes,cfittes4i@squarespace.com
Charles Bottini,cbottini4j@fastcompany.com
Amerigo Kimmerling,akimmerling4k@bloglovin.com
Petr Laming,plaming4l@ucla.edu
Clair Beaby,cbeaby4m@ycombinator.com
Debee Dell 'Orto,ddell4n@mediafire.com
Salli Girodias,sgirodias4o@census.gov
Casper Goane,cgoane4p@friendfeed.com
Laina Summerskill,lsummerskill4q@networksolutions.com
Felic Gadesby,fgadesby4r@sakura.ne.jp
Danella Frosdick,dfrosdick4s@nyu.edu
Devin Pridie,dpridie4t@columbia.edu
Vince Needs,vneeds4u@chronoengine.com
Rakel Gavin,rgavin4v@omniture.com
Carry Drewitt,cdrewitt4w@theglobeandmail.com
Yolanthe Devaney,ydevaney4x@economist.com
Darsie Lippo,dlippo4y@bbc.co.uk
Adair Quinnell,aquinnell4z@sohu.com
Royall Dautry,rdautry50@hp.com
Reinhold Kornas,rkornas51@google.ru
Cherlyn Filliskirk,cfilliskirk52@amazon.de
Josi Alleway,jalleway53@prweb.com
Banky Moden,bmoden54@nba.com
Arvin Hexter,ahexter55@sbwire.com
Eduardo Bittlestone,ebittlestone56@state.gov
Sigismond Vamplers,svamplers57@ibm.com
Domingo Fields,dfields58@slate.com
Cordie Dansie,cdansie59@topsy.com
Klemens McBrearty,kmcbrearty5a@hexun.com
Dolph Dimond,ddimond5b@studiopress.com
Carlita Nerne,cnerne5c@indiatimes.com
Brana Footitt,bfootitt5d@google.com.au
Jeth Smiley,jsmiley5e@jimdo.com
Lucina Boise,lboise5f@irs.gov
Zed Flisher,zflisher5g@unicef.org
Ash Depke,adepke5h@nih.gov
Lois Horrell,lhorrell5i@1688.com
Giovanna Tupie,gtupie5j@vk.com
Ginny Nix,gnix5k@blinklist.com
Fonsie Hlavecek,fhlavecek5l@live.com
Lorettalorna Jenteau,ljenteau5m@ifeng.com
Hamish Brownsea,hbrownsea5n@illinois.edu
Caryl Prestage,cprestage5o@angelfire.com
Tan Simeoli,tsimeoli5p@zimbio.com
Lucilia Swatland,lswatland5q@cyberchimps.com
Ibby Wing,iwing5r@squarespace.com
Stanislaw Chasteney,schasteney5s@shinystat.com
Rockie Shiril,rshiril5t@scientificamerican.com
Lorilyn Splevings,lsplevings5u@quantcast.com
Ingeborg Conner,iconner5v@miitbeian.gov.cn
Tootsie Geeve,tgeeve5w@bloglines.com
Montague Bagge,mbagge5x@ifeng.com
Kaine Milam,kmilam5y@a8.net
Merrill Sivyour,msivyour5z@google.co.jp
Rafaelita Lorenzini,rlorenzini60@parallels.com
Ad Newgrosh,anewgrosh61@slate.com
Timi Stein,tstein62@mozilla.com
Pooh Wanne,pwanne63@drupal.org
Micheline Bridgen,mbridgen64@who.int
Hobey McWhirter,hmcwhirter65@cnet.com
Bernie Leney,bleney66@freewebs.com
Stephanie Elliot,selliot67@opensource.org
Kele Morad,kmorad68@plala.or.jp
Kennett M'Quhan,kmquhan69@google.com
Husain Rosenstock,hrosenstock6a@cdc.gov
Phoebe Cauthra,pcauthra6b@yahoo.co.jp
Maje Horsfield,mhorsfield6c@noaa.gov
Torie Althorpe,talthorpe6d@irs.gov
Aharon Pretti,apretti6e@senate.gov
Vale Mance,vmance6f@com.com
Otis Alfwy,oalfwy6g@webnode.com
Sarajane Matthiae,smatthiae6h@rediff.com
Mateo Delong,mdelong6i@aboutads.info
Karlyn Golding,kgolding6j@geocities.com
Jillie Openshaw,jopenshaw6k@marriott.com
Katina Beville,kbeville6l@github.io
Rodrick Cranmere,rcranmere6m@themeforest.net
Nikki Everwin,neverwin6n@sbwire.com
Damara Goodrum,dgoodrum6o@twitpic.com
Rodolfo Miall,rmiall6p@vkontakte.ru
Alta Laverty,alaverty6q@ebay.co.uk
Merle Schimon,mschimon6r@diigo.com
Vincents Carletti,vcarletti6s@accuweather.com
Moyra Greenlees,mgreenlees6t@amazon.co.jp
Sophronia Dowson,sdowson6u@yahoo.com
Terence Bardey,tbardey6v@spotify.com
Free Mutter,fmutter6w@army.mil
Katina Kruse,kkruse6x@scientificamerican.com
Clayton Bountiff,cbountiff6y@google.es
Ranice Woollcott,rwoollcott6z@imageshack.us
Nita Wickey,nwickey70@china.com.cn
Yardley Stedson,ystedson71@economist.com
Marlowe Crossingham,mcrossingham72@godaddy.com
Brewster Mullinger,bmullinger73@sakura.ne.jp
Nikos Josefovic,njosefovic74@naver.com
Carolynn Kern,ckern75@japanpost.jp
Sadie Schwieso,sschwieso76@ucsd.edu
Sebastian Prys,sprys77@bigcartel.com
Stephannie Josofovitz,sjosofovitz78@vkontakte.ru
Orbadiah Bulleyn,obulleyn79@diigo.com
Shay Delgado,sdelgado7a@reference.com
Colas Kordova,ckordova7b@oracle.com
Ansell Woolbrook,awoolbrook7c@apple.com
Mabel Oxtaby,moxtaby7d@sbwire.com
Stacey McMahon,smcmahon7e@bloglines.com
Philippa Buckleigh,pbuckleigh7f@uol.com.br
Rodi Augustus,raugustus7g@oaic.gov.au
Gottfried DelaField,gdelafield7h@statcounter.com
Dugald Scadden,dscadden7i@miibeian.gov.cn
Alix Hanvey,ahanvey7j@bizjournals.com
Abe Going,agoing7k@free.fr
Libby Grafom,lgrafom7l@walmart.com
Berkeley Bothwell,bbothwell7m@phoca.cz
Waly Grishinov,wgrishinov7n@blog.com
Vidovik Richfield,vrichfield7o@fotki.com
Arluene Bonson,abonson7p@dion.ne.jp
Tymothy MacKnight,tmacknight7q@ebay.co.uk
Laurene Tabbernor,ltabbernor7r@ycombinator.com
Papagena Roome,proome7s@spiegel.de
Alick Pickance,apickance7t@jimdo.com
Moreen Fardon,mfardon7u@comcast.net
Maureen Alastair,malastair7v@mapquest.com
Yvor Strattan,ystrattan7w@quantcast.com
Cathee Daverin,cdaverin7x@flickr.com
Dale Huxham,dhuxham7y@dedecms.com
Cassy Balmforth,cbalmforth7z@tripadvisor.com
Norby Pavluk,npavluk80@wisc.edu
Magda Waldrum,mwaldrum81@constantcontact.com
Coral Talmadge,ctalmadge82@harvard.edu
Amelina Jorg,ajorg83@theglobeandmail.com
Tammie Naisey,tnaisey84@dmoz.org
Jerad Cannam,jcannam85@tripadvisor.com
Quinn Hedge,qhedge86@digg.com
Ganny Demangeon,gdemangeon87@moonfruit.com
Rici Gynn,rgynn88@feedburner.com
Doloritas Duffan,dduffan89@pcworld.com
Cynthie MacGeaney,cmacgeaney8a@uol.com.br
Damara Pietersma,dpietersma8b@posterous.com
Alleen Girke,agirke8c@networksolutions.com
Vanya Roscher,vroscher8d@home.pl
Perren Titt,ptitt8e@timesonline.co.uk
Rhiamon Raison,rraison8f@cbslocal.com
Emmy McIllrick,emcillrick8g@fda.gov
Athene Kuschke,akuschke8h@creativecommons.org
Pall Duddan,pduddan8i@ocn.ne.jp
Hinze Rushe,hrushe8j@myspace.com
Beryl Kenrat,bkenrat8k@cnbc.com
Shell Briand,sbriand8l@mozilla.com
Ranna Silson,rsilson8m@gnu.org
Simeon Muirden,smuirden8n@hugedomains.com
Chevy Caldwell,ccaldwell8o@indiegogo.com
Kettie Haddinton,khaddinton8p@ucla.edu
Uriah Baysting,ubaysting8q@toplist.cz
Zitella Blampey,zblampey8r@wordpress.org
Raymund Duplan,rduplan8s@narod.ru
Kiley Taggerty,ktaggerty8t@ed.gov
Fletcher Fortescue,ffortescue8u@reference.com
Hi Braddon,hbraddon8v@ovh.net
Carlynn Beange,cbeange8w@about.me
Jaine Forman,jforman8x@nhs.uk
Lydia Fowells,lfowells8y@economist.com
Kennie Dimmack,kdimmack8z@wufoo.com
Zarah Stollenbeck,zstollenbeck90@soup.io
Web Mounce,wmounce91@theglobeandmail.com
Harv Britzius,hbritzius92@t-online.de
Kaine Prendeguest,kprendeguest93@engadget.com
Octavia Leall,oleall94@arstechnica.com
Scarface Lidell,slidell95@mysql.com
Lilia Lyfield,llyfield96@redcross.org
Gabie Schultz,gschultz97@businessweek.com
Maximo Stronge,mstronge98@merriam-webster.com
Maybelle Moss,mmoss99@samsung.com
Lemuel Hughlock,lhughlock9a@taobao.com
Berrie Beal,bbeal9b@studiopress.com
Sherlock Dorset,sdorset9c@constantcontact.com
Rex Gayter,rgayter9d@va.gov
Tamas Whittock,twhittock9e@nature.com
Eilis Egan,eegan9f@angelfire.com
Nancee Townshend,ntownshend9g@histats.com
Davon Giorgione,dgiorgione9h@booking.com
Kirby Godthaab,kgodthaab9i@123-reg.co.uk
Lulu Eliasen,leliasen9j@samsung.com
Gabi Belvin,gbelvin9k@rediff.com
Nevin Fidgin,nfidgin9l@indiatimes.com
Lodovico Seide,lseide9m@toplist.cz
Dolorita Bridal,dbridal9n@hud.gov
Ingemar Worledge,iworledge9o@discuz.net
Regine Huson,rhuson9p@istockphoto.com
Joycelin Musslewhite,jmusslewhite9q@cloudflare.com
Reggy Innis,rinnis9r@icio.us
Dew Aldwinckle,daldwinckle9s@addtoany.com
Torrie M'Quharg,tmquharg9t@163.com
Sutherland Richardin,srichardin9u@pbs.org
Nananne Skill,nskill9v@tiny.cc
Trudey Petren,tpetren9w@gravatar.com
Kippy Tobin,ktobin9x@csmonitor.com
Torin Spofford,tspofford9y@indiatimes.com
Giustina Turvey,gturvey9z@wix.com
De Grills,dgrillsa0@ftc.gov
Muffin Clubbe,mclubbea1@huffingtonpost.com
Guillema Cubbini,gcubbinia2@constantcontact.com
Mendie Abelov,mabelova3@ucla.edu
Parker Mc Menamin,pmca4@sun.com
Earlie Reek,ereeka5@xing.com
Darda Baldocci,dbaldoccia6@spotify.com
Jenna Barford,jbarforda7@csmonitor.com
Franny Domnick,fdomnicka8@w3.org
Meryl Kliner,mklinera9@tmall.com
Quinton Accomb,qaccombaa@twitpic.com
Elias Ygou,eygouab@princeton.edu
Moria Mazey,mmazeyac@tamu.edu
Elsworth Urian,eurianad@auda.org.au
Bernadette Mc Curlye,bmcae@berkeley.edu
Bren Perrone,bperroneaf@123-reg.co.uk
Pattin Biggam,pbiggamag@youku.com
Dorthy Shovelin,dshovelinah@comsenz.com
Jethro Scotting,jscottingai@tripod.com
Eyde Fullom,efullomaj@nydailynews.com
Edan Frossell,efrossellak@cam.ac.uk
Rolando Molesworth,rmolesworthal@ustream.tv
Cristionna Blaxeland,cblaxelandam@dion.ne.jp
Persis Hasard,phasardan@sourceforge.net
Claribel Bendley,cbendleyao@google.cn
Cedric Pochet,cpochetap@phoca.cz
Brinna McCreadie,bmccreadieaq@census.gov
Wolf Mcimmie,wmcimmiear@zimbio.com
Drugi Whitlock,dwhitlockas@seattletimes.com
Nada Quantick,nquantickat@army.mil
Amalie Scotchford,ascotchfordau@wikispaces.com
Harcourt Ivanenkov,hivanenkovav@clickbank.net
Haywood Nitti,hnittiaw@house.gov
Meridel Peron,mperonax@rakuten.co.jp
Harris Blackney,hblackneyay@mlb.com
Isidoro Gosnold,igosnoldaz@fc2.com
Aurie Faulconer,afaulconerb0@ftc.gov
Constantine Thurlby,cthurlbyb1@privacy.gov.au
Lovell Beagin,lbeaginb2@comsenz.com
Bernette Cluer,bcluerb3@ibm.com
Gretel Phebee,gphebeeb4@freewebs.com
Jojo Donizeau,jdonizeaub5@telegraph.co.uk
Dwayne de Juares,ddeb6@unblog.fr
Kellen Aiskovitch,kaiskovitchb7@msu.edu
Korie McAllister,kmcallisterb8@wired.com
Joell Shute,jshuteb9@miibeian.gov.cn
Boniface Deme,bdemeba@theglobeandmail.com
Elia Pinnere,epinnerebb@meetup.com
Chevalier Simmonds,csimmondsbc@comcast.net
Ella Tott,etottbd@constantcontact.com
Denver Packham,dpackhambe@businessweek.com
Maison Jemmett,mjemmettbf@cloudflare.com
Georgianne Penniell,gpenniellbg@blogspot.com
Timofei Grabham,tgrabhambh@github.com
Danny Filipyev,dfilipyevbi@linkedin.com
Gates Tease,gteasebj@yolasite.com
Temple Batchelder,tbatchelderbk@ox.ac.uk
Corilla Oakeshott,coakeshottbl@msn.com
Broderic Cheale,bchealebm@yale.edu
Marni Rockliffe,mrockliffebn@scientificamerican.com
Allis Tratton,atrattonbo@twitpic.com
Jerrilyn Wooder,jwooderbp@technorati.com
Bryant Bebbell,bbebbellbq@marriott.com
Laurette Consterdine,lconsterdinebr@sohu.com
Chevy Rudman,crudmanbs@microsoft.com
Nessa Jimmison,njimmisonbt@oakley.com
Zacharia Dagwell,zdagwellbu@mayoclinic.com
Dicky Ellwand,dellwandbv@cam.ac.uk
Loydie Blackmore,lblackmorebw@apache.org
Casie Harder,charderbx@uiuc.edu
Anabel Raigatt,araigattby@example.com
Lyndsay Ormes,lormesbz@ebay.co.uk
Robena Palleske,rpalleskec0@themeforest.net
Mikol Shiels,mshielsc1@google.ru
Stanislaus Salliss,ssallissc2@samsung.com
Abeu Von Welldun,avonc3@dailymail.co.uk
Ezequiel Frostdyke,efrostdykec4@ihg.com
Daveta Deneve,ddenevec5@dagondesign.com
Laurie Matieu,lmatieuc6@unblog.fr
Corty Bagnal,cbagnalc7@sphinn.com
Christel Philippart,cphilippartc8@bandcamp.com
Miltie McClune,mmcclunec9@nba.com
Myrvyn Britland,mbritlandca@edublogs.org
Anselm Gluyas,agluyascb@simplemachines.org
Pepillo Crystal,pcrystalcc@usda.gov
Lindi Anyon,lanyoncd@theguardian.com
Greggory Duggon,gduggonce@seesaa.net
Helene Di Pietro,hdicf@nyu.edu
Mar Worboy,mworboycg@lulu.com
Flss Markie,fmarkiech@washingtonpost.com
Kandace Coggins,kcogginsci@wix.com
Carlina Leckey,cleckeycj@google.fr
Mandie Claesens,mclaesensck@cisco.com
Marylinda Howsam,mhowsamcl@lycos.com
Abbi Aspey,aaspeycm@apple.com
Bendix Lorence,blorencecn@typepad.com
Ania Gaiger,agaigerco@gmpg.org
Irving Dreghorn,idreghorncp@diigo.com
Candie McGreil,cmcgreilcq@lycos.com
Constantine Sherwen,csherwencr@stumbleupon.com
Tamra Drake,tdrakecs@harvard.edu
Ev Sperry,esperryct@tripadvisor.com
Allison Stitwell,astitwellcu@china.com.cn
Bale Rand,brandcv@vimeo.com
Iseabal Simonsen,isimonsencw@livejournal.com
Berny Beecraft,bbeecraftcx@last.fm
Dominique Crofts,dcroftscy@nifty.com
Breanne Trassler,btrasslercz@desdev.cn
Daren Crowcroft,dcrowcroftd0@nba.com
Costanza Speedin,cspeedind1@seattletimes.com
Claudell Trees,ctreesd2@woothemes.com
Audy Abells,aabellsd3@nbcnews.com
Gaultiero Hartington,ghartingtond4@printfriendly.com
Brice Stockow,bstockowd5@chron.com
Harriott Almack,halmackd6@indiatimes.com
Philis Bacop,pbacopd7@tamu.edu
Daryl Clemot,dclemotd8@posterous.com
Jehu Bouzan,jbouzand9@columbia.edu
Shela Gherardi,sgherardida@aol.com
Mada Harlick,mharlickdb@theguardian.com
Bert Benettelli,bbenettellidc@typepad.com
Holmes Beveredge,hbeveredgedd@un.org
Theo Jewson,tjewsonde@cnet.com
Gustave Pacey,gpaceydf@techcrunch.com
Mitzi Suffe,msuffedg@ocn.ne.jp
Ursola Gribbon,ugribbondh@ibm.com
Lavinia Cherrie,lcherriedi@oakley.com
Eba Kleinplatz,ekleinplatzdj@usatoday.com
Junie Peiro,jpeirodk@privacy.gov.au
Frederik Halifax,fhalifaxdl@ibm.com
Ashlen Wardesworth,awardesworthdm@craigslist.org
Shell Bestwall,sbestwalldn@myspace.com
Shurlock Firmager,sfirmagerdo@vinaora.com
Isidore Worner,iwornerdp@forbes.com
Evelyn Matzke,ematzkedq@istockphoto.com
Sela Bollans,sbollansdr@yale.edu
Sergei Garnsworthy,sgarnsworthyds@woothemes.com
Iormina Siseland,isiselanddt@sciencedaily.com
Oralie Oxenden,ooxendendu@squidoo.com
Grantham Whodcoat,gwhodcoatdv@cbslocal.com
Jocelyne Slocomb,jslocombdw@uol.com.br
Candice Robardey,crobardeydx@ox.ac.uk
Benoite Cassar,bcassardy@ehow.com
Emilie Foddy,efoddydz@amazonaws.com
Launce Griswaite,lgriswaitee0@answers.com
Arliene Arman,aarmane1@gizmodo.com
Holli Perell,hperelle2@zimbio.com
Vincenty Baudouin,vbaudouine3@dagondesign.com
Row Twopenny,rtwopennye4@google.de
Pembroke Lovett,plovette5@dion.ne.jp
Maxy Sign,msigne6@berkeley.edu
Meggi Brounsell,mbrounselle7@yandex.ru
Brennen Morrieson,bmorriesone8@patch.com
Toma Klausen,tklausene9@who.int
Pru Clew,pclewea@stumbleupon.com
Neile Benda,nbendaeb@w3.org
Valene Ommundsen,vommundsenec@oakley.com
Auroora Danby,adanbyed@dot.gov
Addi Gronous,agronousee@scribd.com
Genevieve D'Adamo,gdadamoef@blog.com
Moll Hollyman,mhollymaneg@g.co
Novelia Tomet,ntometeh@nasa.gov
Leann Lukovic,llukovicei@bluehost.com
Alf Gavey,agaveyej@pagesperso-orange.fr
Chad Harbidge,charbidgeek@macromedia.com
Romonda Hartmann,rhartmannel@ycombinator.com
Sylas Hibbart,shibbartem@taobao.com
Robby Hamflett,rhamfletten@sina.com.cn
Roxine Wheildon,rwheildoneo@yellowbook.com
Colene Pirnie,cpirnieep@miitbeian.gov.cn
Benedikta Culcheth,bculchetheq@icio.us
Haily Bahl,hbahler@blinklist.com
Louis O'Carran,locarranes@parallels.com
Alecia Marxsen,amarxsenet@hhs.gov
Tomasine Studders,tstudderseu@hao123.com
Becka Life,blifeev@mysql.com
Elly Giorgiutti,egiorgiuttiew@bravesites.com
Florie Rosenstein,frosensteinex@mapquest.com
Nettle Lockless,nlocklessey@csmonitor.com
Nadia Braidwood,nbraidwoodez@ning.com
Worthington Reah,wreahf0@wordpress.org
Celle Shalcras,cshalcrasf1@1688.com
Jennica Mawson,jmawsonf2@netscape.com
Quintina Telega,qtelegaf3@flickr.com
Antonia Calrow,acalrowf4@cargocollective.com
Ynez Caseley,ycaseleyf5@cdc.gov
Toiboid Pendreigh,tpendreighf6@biblegateway.com
Eal Brusin,ebrusinf7@engadget.com
Hieronymus Gentery,hgenteryf8@fema.gov
Joelly Le Brom,jlef9@simplemachines.org
Kerianne Plante,kplantefa@examiner.com
Garrott Basley,gbasleyfb@chicagotribune.com
Tallie Butrimovich,tbutrimovichfc@live.com
Marlowe Powell,mpowellfd@smh.com.au
Dominica Boldt,dboldtfe@4shared.com
Lucille Sandal,lsandalff@java.com
Glennie O'Kinedy,gokinedyfg@toplist.cz
Quinlan Ruperti,qrupertifh@discuz.net
Latrina Verdon,lverdonfi@google.de
Korella Rodman,krodmanfj@timesonline.co.uk
Celinka Kevern,ckevernfk@networkadvertising.org
Maxwell Rouchy,mrouchyfl@multiply.com
Alejandro Vanyutin,avanyutinfm@bloglovin.com
Mildrid Yurtsev,myurtsevfn@gravatar.com
Aryn Gass,agassfo@unesco.org
Lorine Haskins,lhaskinsfp@smh.com.au
Jan Joselevitz,jjoselevitzfq@printfriendly.com
Web Heart,wheartfr@vkontakte.ru
Mitch Chopin,mchopinfs@zimbio.com
Herc Maton,hmatonft@plala.or.jp
Kellen Hartropp,khartroppfu@gmpg.org
Elsey Dumbell,edumbellfv@usgs.gov
Alden Buss,abussfw@oakley.com
Mickey O'Hengerty,mohengertyfx@a8.net
Mallory Keasy,mkeasyfy@mysql.com
Melloney Coltart,mcoltartfz@webnode.com
Raphaela McClymont,rmcclymontg0@wordpress.com
Cara Canedo,ccanedog1@vistaprint.com
Gwendolin Stares,gstaresg2@admin.ch
Dukey Uzelli,duzellig3@ebay.com
Kristoffer Balharrie,kbalharrieg4@chronoengine.com
Valentina Casaro,vcasarog5@sciencedirect.com
Melva Whellams,mwhellamsg6@hp.com
Hamid Yakunikov,hyakunikovg7@plala.or.jp
Sherm Picot,spicotg8@twitter.com
Delmore Powney,dpowneyg9@spiegel.de
Cathlene Shreeves,cshreevesga@wikimedia.org
Simmonds McElhargy,smcelhargygb@cocolog-nifty.com
Dino Kavanagh,dkavanaghgc@hud.gov
Wake Cartmell,wcartmellgd@telegraph.co.uk
Angelita Adne,aadnege@g.co
Lyn Redmond,lredmondgf@fastcompany.com
Neda O'Hdirscoll,nohdirscollgg@ucoz.com
Lexine Mitchelmore,lmitchelmoregh@time.com
Corabella Fox,cfoxgi@hp.com
Hyman Rainger,hraingergj@symantec.com
Sara Oliva,solivagk@twitpic.com
Jermayne Russen,jrussengl@aboutads.info
Roanne Muncer,rmuncergm@slashdot.org
Matti Manketell,mmanketellgn@dot.gov
Layton Grigoryev,lgrigoryevgo@nih.gov
Sully Hinrichs,shinrichsgp@imageshack.us
Sanford Bremond,sbremondgq@jiathis.com
Pierrette Fenn,pfenngr@devhub.com
Candi Shird,cshirdgs@toplist.cz
Gipsy Evenden,gevendengt@cnn.com
Lorry Marians,lmariansgu@sourceforge.net
Horace Bolsover,hbolsovergv@webeden.co.uk
Cody Severy,cseverygw@reverbnation.com
Jule Leetham,jleethamgx@blog.com
Dennet Jones,djonesgy@liveinternet.ru
Lil McRonald,lmcronaldgz@arstechnica.com
Elsinore Molohan,emolohanh0@adobe.com
Jacklyn Kivits,jkivitsh1@sourceforge.net
Griz Crean,gcreanh2@angelfire.com
Danita Malby,dmalbyh3@craigslist.org
Olly Tolputt,otolputth4@senate.gov
Cammi Reilinger,creilingerh5@webnode.com
Stanislaw Suarez,ssuarezh6@ehow.com
Francyne Thebe,fthebeh7@blogtalkradio.com
Nolly Headey,nheadeyh8@shop-pro.jp
Guy Fidgin,gfidginh9@w3.org
Alaric Lujan,alujanha@soundcloud.com
Rowe Rhymes,rrhymeshb@mail.ru
Dre Flynn,dflynnhc@umn.edu
Stearn Sidnall,ssidnallhd@disqus.com
Mariele Wharton,mwhartonhe@ted.com
Sadye Wykey,swykeyhf@furl.net
Esmaria Tremollet,etremollethg@nih.gov
Pamela Maplethorpe,pmaplethorpehh@microsoft.com
Deb Truter,dtruterhi@oakley.com
Blakeley Draysay,bdraysayhj@about.com
Betsey Luciani,blucianihk@foxnews.com
Tiffy Scirman,tscirmanhl@amazon.co.uk
Logan Tewkesbury.,ltewkesburyhm@tamu.edu
Herb Nisbith,hnisbithhn@latimes.com
Andras Dickenson,adickensonho@foxnews.com
Ruprecht Watkinson,rwatkinsonhp@washington.edu
Hope Nutkins,hnutkinshq@oaic.gov.au
Dur Rignall,drignallhr@gravatar.com
Wynny Cherm,wchermhs@dropbox.com
Wyn Petroulis,wpetroulisht@netvibes.com
Rickie Ply,rplyhu@com.com
Mayor Bedells,mbedellshv@bigcartel.com
Rollins Klampk,rklampkhw@jugem.jp
Mala Cullen,mcullenhx@opera.com
Leigh Maypes,lmaypeshy@merriam-webster.com
Quent Musto,qmustohz@so-net.ne.jp
Florance Kitcat,fkitcati0@histats.com
Quent Bottrell,qbottrelli1@ebay.com
Delano Saltwell,dsaltwelli2@google.fr
Sergent Chicken,schickeni3@icq.com
Haily Cowsby,hcowsbyi4@seesaa.net
Bernice Lebell,blebelli5@ucsd.edu
Mickey Redan,mredani6@epa.gov
Jemimah Cruickshanks,jcruickshanksi7@wikipedia.org
Becka Gronous,bgronousi8@addthis.com
Marjy Manchester,mmanchesteri9@deviantart.com
Joanna Methley,jmethleyia@studiopress.com
Marguerite McCurley,mmccurleyib@reference.com
Jeth Magnar,jmagnaric@ebay.com
Imogen Keller,ikellerid@pcworld.com
Holly Pollard,hpollardie@wiley.com
Marcella Kleszinski,mkleszinskiif@nature.com
Anni Carty,acartyig@blogger.com
Dede Rispen,drispenih@nsw.gov.au
Georgette Osman,gosmanii@furl.net
Gertrud Tarpey,gtarpeyij@auda.org.au
Maximilianus Fallon,mfallonik@1und1.de
Edee Gutman,egutmanil@quantcast.com
Skell Smallridge,ssmallridgeim@independent.co.uk
Florina Bradshaw,fbradshawin@flickr.com
Costa Smurfitt,csmurfittio@businessinsider.com
Venita Little,vlittleip@github.com
Aida Vennard,avennardiq@eepurl.com
Lefty Espinoza,lespinozair@harvard.edu
Durant Grealey,dgrealeyis@blogger.com
Evania Hugonnet,ehugonnetit@nydailynews.com
Ortensia Broomer,obroomeriu@weibo.com
Corrina Dobeson,cdobesoniv@state.gov
Nerte Robotham,nrobothamiw@upenn.edu
Efrem Gove,egoveix@163.com
Emlynne Leet,eleetiy@jimdo.com
Enoch Philippson,ephilippsoniz@slideshare.net
Nessa Jolliff,njolliffj0@naver.com
Tynan Whitman,twhitmanj1@psu.edu
Barrie Porcas,bporcasj2@cnn.com
Alene Crossby,acrossbyj3@reuters.com
Barton Sambrook,bsambrookj4@guardian.co.uk
Ramsay Lothlorien,rlothlorienj5@ft.com
Crin Durnell,cdurnellj6@chronoengine.com
Mill Matus,mmatusj7@ted.com
Sigmund Swinfen,sswinfenj8@mozilla.org
Michale Lunge,mlungej9@slideshare.net
Dody Truder,dtruderja@icq.com
Josephine Skate,jskatejb@bizjournals.com
Cicily Backshall,cbackshalljc@xinhuanet.com
Delora Rewan,drewanjd@smh.com.au
Lurette Brent,lbrentje@hud.gov
Clyde Harlett,charlettjf@google.com.br
Goldarina Zamorrano,gzamorranojg@canalblog.com
Gauthier Trunchion,gtrunchionjh@tiny.cc
Hollis Bridgett,hbridgettji@nhs.uk
Maisey Foulger,mfoulgerjj@i2i.jp
Carolyn Conor,cconorjk@indiegogo.com
Ernesta Roswarn,eroswarnjl@walmart.com
Ara Flasby,aflasbyjm@tuttocitta.it
Dorey McTrustam,dmctrustamjn@opera.com
Calypso Elderbrant,celderbrantjo@google.it
Carlyle Whitley,cwhitleyjp@usa.gov
Cordey Wornham,cwornhamjq@elpais.com
Conn Renals,crenalsjr@utexas.edu
Caresa Finnie,cfinniejs@ifeng.com
Gaultiero Burman,gburmanjt@nasa.gov
Nadine Germain,ngermainju@state.tx.us
Elka Aldous,ealdousjv@java.com
Vilhelmina Enright,venrightjw@opera.com
Kris Connealy,kconnealyjx@reverbnation.com
Robinia Raiker,rraikerjy@miibeian.gov.cn
Reilly Durram,rdurramjz@yandex.ru
Les Brion,lbrionk0@yandex.ru
Reggie Pawle,rpawlek1@sfgate.com
Konstance Townend,ktownendk2@slate.com
Loreen Northridge,lnorthridgek3@microsoft.com
Guillermo Sonley,gsonleyk4@wunderground.com
Sue Denisot,sdenisotk5@networksolutions.com
Anabella Troy,atroyk6@51.la
Elvera Grayley,egrayleyk7@slate.com
Ruthe Truwert,rtruwertk8@smugmug.com
Yorke Spridgen,yspridgenk9@dmoz.org
Ebenezer Glanders,eglanderska@nps.gov
Basia Pitcaithly,bpitcaithlykb@lycos.com
Meghan Storcke,mstorckekc@nytimes.com
Mandel Rihanek,mrihanekkd@purevolume.com
Hanny Langfitt,hlangfittke@mapy.cz
Franciskus Gerhts,fgerhtskf@sogou.com
Ema Drayn,edraynkg@yelp.com
Morena Carlsen,mcarlsenkh@toplist.cz
Aubrie Terne,aterneki@si.edu
Ches Chinn,cchinnkj@bing.com
Marcellus Garfoot,mgarfootkk@abc.net.au
Homerus Sowray,hsowraykl@mlb.com
Dollie Toffanini,dtoffaninikm@wikia.com
Hadley De Vaan,hdekn@theglobeandmail.com
Randall Kowalski,rkowalskiko@cisco.com
Ivar Outlaw,ioutlawkp@tinyurl.com
Lilli Foord,lfoordkq@1688.com
Tore Cogan,tcogankr@cbc.ca
Cory Lodo,clodoks@uol.com.br
Celestyn Martin,cmartinkt@slate.com
Udall Philippsohn,uphilippsohnku@psu.edu
Orren Huson,ohusonkv@wix.com
Meggie Rickeard,mrickeardkw@sourceforge.net
Agnesse Hollyer,ahollyerkx@liveinternet.ru
Ashly Moyes,amoyesky@businessweek.com
Megen Bakewell,mbakewellkz@freewebs.com
Sophey Bassingden,sbassingdenl0@yahoo.com
Web Bowell,wbowelll1@instagram.com
Sheffield Cosgry,scosgryl2@virginia.edu
Jeanna Skarman,jskarmanl3@domainmarket.com
Ivy De Winton,idel4@ft.com
Kissiah Van den Broek,kvanl5@google.pl
Stormi Daid,sdaidl6@alexa.com
Brent Rostern,brosternl7@archive.org
Maurie Ferreli,mferrelil8@home.pl
Linet Itzkov,litzkovl9@aboutads.info
Lorry Eidelman,leidelmanla@fc2.com
Bliss Hurne,bhurnelb@tripadvisor.com
Annora Gudgen,agudgenlc@nasa.gov
Giacinta Kelledy,gkelledyld@shutterfly.com
Gianina Cleal,gclealle@oaic.gov.au
Teddy Bjorkan,tbjorkanlf@dot.gov
Theobald Flemming,tflemminglg@dell.com
Nert Gippes,ngippeslh@simplemachines.org
Hermon Filipowicz,hfilipowiczli@stumbleupon.com
Morna Pabel,mpabellj@constantcontact.com
Hanni Wilford,hwilfordlk@army.mil
Rodolfo Bloyes,rbloyesll@microsoft.com
Diego Hamsson,dhamssonlm@barnesandnoble.com
Hanni Stollhofer,hstollhoferln@nps.gov
Giraldo Hirthe,ghirthelo@imageshack.us
Vladimir Beazey,vbeazeylp@ibm.com
Paloma Hourihan,phourihanlq@trellian.com
Fulvia Fitzsymon,ffitzsymonlr@accuweather.com
Jacquette Stonehouse,jstonehousels@ezinearticles.com
Cherry Fullom,cfullomlt@aboutads.info
Thalia Poulton,tpoultonlu@paypal.com
Allister Aloshkin,aaloshkinlv@sun.com
Tania Trout,ttroutlw@ted.com
Tobye Murra,tmurralx@vinaora.com
Andriana Woodison,awoodisonly@marriott.com
Melony Figure,mfigurelz@opera.com
Marguerite Gauden,mgaudenm0@upenn.edu
Brinna Aspinal,baspinalm1@icq.com
Rebeca Verlinde,rverlindem2@opensource.org
Ginnifer Duffell,gduffellm3@yelp.com
Stuart Scanlin,sscanlinm4@people.com.cn
Lynett Westcot,lwestcotm5@microsoft.com
Bobbette Osban,bosbanm6@joomla.org
Cinnamon Balston,cbalstonm7@nba.com
Decca Cropper,dcropperm8@scribd.com
Edith Kondrachenko,ekondrachenkom9@stanford.edu
Conrado O'Crotty,cocrottyma@51.la
Jobyna Elington,jelingtonmb@pen.io
Fidole Levecque,flevecquemc@rambler.ru
Drud Bladder,dbladdermd@timesonline.co.uk
Nils Witchard,nwitchardme@msu.edu
Correy Bothen,cbothenmf@reuters.com
Randy Whitfield,rwhitfieldmg@house.gov
Toby Jaqueminet,tjaqueminetmh@ucsd.edu
Bertie Mines,bminesmi@nyu.edu
Gregory Eltone,geltonemj@youtube.com
Bevin Tomek,btomekmk@lulu.com
Rosabelle Robarts,rrobartsml@ucsd.edu
Ned Wedmore.,nwedmoremm@craigslist.org
Basile Ritter,brittermn@hatena.ne.jp
Nettie Toffolo,ntoffolomo@va.gov
Kalina Brantl,kbrantlmp@washington.edu
Oona Advani,oadvanimq@xing.com
Lucille Areles,larelesmr@nps.gov
Bev Clapshaw,bclapshawms@phoca.cz
Raymond Alexandre,ralexandremt@networksolutions.com
Tildi Yegorovnin,tyegorovninmu@posterous.com
Rogers Gellately,rgellatelymv@tinypic.com
Anderson Jakeman,ajakemanmw@slideshare.net
Joelie Itscowicz,jitscowiczmx@google.cn
Elspeth Kalberer,ekalberermy@google.com.au
Olympie Praundl,opraundlmz@nbcnews.com
Wyatan Mee,wmeen0@1und1.de
Burnaby Zapatero,bzapateron1@jalbum.net
Guilbert Older,goldern2@zimbio.com
Gaultiero Eite,geiten3@springer.com
Hedda Tabourel,htaboureln4@altervista.org
Uta Bowen,ubowenn5@diigo.com
Lilly Dellenty,ldellentyn6@hatena.ne.jp
Liv McGeachie,lmcgeachien7@sitemeter.com
Corena Lindenbluth,clindenbluthn8@examiner.com
Kliment St. Louis,kstn9@indiegogo.com
Garrot Gange,ggangena@addthis.com
Frederica Stow,fstownb@ifeng.com
Adriane Winterbourne,awinterbournenc@ted.com
Caralie Renton,crentonnd@merriam-webster.com
Audrey Errichi,aerrichine@ycombinator.com
Bronnie Mays,bmaysnf@oaic.gov.au
Gamaliel Licciardiello,glicciardiellong@friendfeed.com
Carree Bahls,cbahlsnh@purevolume.com
Vikky Clissett,vclissettni@google.de
Starr Dulling,sdullingnj@uol.com.br
Casandra Serginson,cserginsonnk@123-reg.co.uk
Mallissa Sheere,msheerenl@oracle.com
Patrizius Lansdale,plansdalenm@ihg.com
King Silby,ksilbynn@si.edu
Georgeta Rydings,grydingsno@webeden.co.uk
Marita Karpets,mkarpetsnp@unesco.org
Gaby Aleshintsev,galeshintsevnq@sakura.ne.jp
Grete Husband,ghusbandnr@nbcnews.com
Jaymie Djurisic,jdjurisicns@google.co.jp
Thomasina Valeri,tvalerint@webmd.com
Sibley Schuh,sschuhnu@cyberchimps.com
Lenard Tattam,ltattamnv@craigslist.org
Quintana Balmer,qbalmernw@youtu.be
Benni Berecloth,bbereclothnx@usnews.com
Hanna Webborn,hwebbornny@economist.com
Marina Walklett,mwalklettnz@smugmug.com
Hurlee Rikkard,hrikkardo0@unesco.org
Meredith Spollen,mspolleno1@facebook.com
Sidnee Goldney,sgoldneyo2@soundcloud.com
Madlin Reekie,mreekieo3@miibeian.gov.cn
Karee Konneke,kkonnekeo4@joomla.org
Nichols Etchell,netchello5@vistaprint.com
Lalo Calder,lcaldero6@google.com.au
Guillemette Ledley,gledleyo7@furl.net
Heida Pawle,hpawleo8@princeton.edu
Patty Whebell,pwhebello9@cyberchimps.com
Melinde Ronan,mronanoa@sciencedaily.com
Archaimbaud Wilstead,awilsteadob@ovh.net
Dorette Spuner,dspuneroc@hexun.com
Rivi Learmouth,rlearmouthod@whitehouse.gov
Fannie Kindle,fkindleoe@pbs.org
Gus Hanley,ghanleyof@github.io
Maryrose Pyne,mpyneog@prweb.com
Shelia Leavey,sleaveyoh@prweb.com
Lorna de Merida,ldeoi@wunderground.com
Camella Ammer,cammeroj@intel.com
Valencia Babington,vbabingtonok@fda.gov
Meggie Pepall,mpepallol@discuz.net
Ginnie Odd,goddom@com.com
Giffy Ovitts,govittson@gov.uk
Van Kidson,vkidsonoo@japanpost.jp
Carlie Iacovino,ciacovinoop@ask.com
Maurits Suart,msuartoq@wikimedia.org
Carri Kiffin,ckiffinor@hibu.com
Lara Ducker,lduckeros@google.ru
Ivor Mateuszczyk,imateuszczykot@tumblr.com
Heath O'Doherty,hodohertyou@spotify.com
Alvin Boustred,aboustredov@drupal.org
Kaitlin Vautre,kvautreow@odnoklassniki.ru
Pandora Belle,pbelleox@dion.ne.jp
Kinnie Kibbe,kkibbeoy@sciencedirect.com
Adaline Fidelus,afidelusoz@reddit.com
Tedra Minchin,tminchinp0@cafepress.com
Sallyanne Henrych,shenrychp1@mayoclinic.com
Vincenz Ivashev,vivashevp2@squidoo.com
Jefferson Petruskevich,jpetruskevichp3@umich.edu
Ellis Eglaise,eeglaisep4@hugedomains.com
Marya Scneider,mscneiderp5@angelfire.com
Leonelle Garnsey,lgarnseyp6@addthis.com
Yard McQuirk,ymcquirkp7@wordpress.org
Petra Frie,pfriep8@nbcnews.com
Rona Batchelar,rbatchelarp9@springer.com
Debra Rochelle,drochellepa@army.mil
Nial Roseveare,nrosevearepb@ebay.com
Cher Kovnot,ckovnotpc@earthlink.net
Wilbur Teal,wtealpd@bloglines.com
Abrahan Aymer,aaymerpe@china.com.cn
Kelcy Schlagman,kschlagmanpf@dedecms.com
Maribeth Dubique,mdubiquepg@tamu.edu
Burr Eisak,beisakph@ftc.gov
Terri Heggison,theggisonpi@zimbio.com
Roana Bonnette,rbonnettepj@addthis.com
Imogene Ping,ipingpk@canalblog.com
Jenna Giraldon,jgiraldonpl@webs.com
Estele Metherell,emetherellpm@whitehouse.gov
Thomas Peet,tpeetpn@craigslist.org
Van Skeldon,vskeldonpo@artisteer.com
Astrix Hatherleigh,ahatherleighpp@imdb.com
Toiboid Marcinkowski,tmarcinkowskipq@ca.gov
Janna Salzburg,jsalzburgpr@icio.us
Thurstan Phayre,tphayreps@netscape.com
Kora Sandells,ksandellspt@qq.com
Shaine Keay,skeaypu@nsw.gov.au
Ham Birrane,hbirranepv@gizmodo.com
Teena Slamaker,tslamakerpw@theguardian.com
Hillel Hubball,hhubballpx@walmart.com
Frasquito Manvell,fmanvellpy@shinystat.com
Marnie Wernher,mwernherpz@intel.com
Ethelred Elesander,eelesanderq0@chronoengine.com
Manolo Witnall,mwitnallq1@rakuten.co.jp
Neill Streatfield,nstreatfieldq2@goo.ne.jp
Honor Topes,htopesq3@pagesperso-orange.fr
Darb Dedman,ddedmanq4@dedecms.com
Georgeta D'Hooghe,gdhoogheq5@yelp.com
Idelle Durbyn,idurbynq6@geocities.jp
Eddie Orbine,eorbineq7@sbwire.com
Nita MacCaughan,nmaccaughanq8@deviantart.com
Nanci Papaccio,npapaccioq9@quantcast.com
Josefina Glyn,jglynqa@yahoo.co.jp
Brietta Sarginson,bsarginsonqb@myspace.com
Joni Evreux,jevreuxqc@sitemeter.com
Luigi Insall,linsallqd@tripod.com
Gottfried Vearncombe,gvearncombeqe@mail.ru
Catlin Foulds,cfouldsqf@virginia.edu
Rickey Plampeyn,rplampeynqg@toplist.cz
Shirlee Chang,schangqh@seattletimes.com
Ginevra Stearnes,gstearnesqi@typepad.com
Josy Treacher,jtreacherqj@technorati.com
Audy Quaife,aquaifeqk@fotki.com
Jerri Turton,jturtonql@state.gov
Godfree Drinkhill,gdrinkhillqm@blogspot.com
Ariel Grimmett,agrimmettqn@cdc.gov
Johnathon Craigg,jcraiggqo@sogou.com
Monica Beynkn,mbeynknqp@nba.com
Shirl Carnachen,scarnachenqq@reddit.com
Xymenes Manjot,xmanjotqr@usnews.com
Carey Maddock,cmaddockqs@google.com.hk
Monte Duffil,mduffilqt@washingtonpost.com
Nan Liddon,nliddonqu@msn.com
Ulla Abrahim,uabrahimqv@google.it
Farra Pablos,fpablosqw@vistaprint.com
Tudor Clutheram,tclutheramqx@youtube.com
Lemar Rossant,lrossantqy@exblog.jp
Wolfy Bargh,wbarghqz@sciencedaily.com
Stanford Simonsson,ssimonssonr0@nhs.uk
Brigg Legonidec,blegonidecr1@google.com.hk
Stanford Lockhart,slockhartr2@google.de
Felizio Shurrock,fshurrockr3@guardian.co.uk
Shell Eccleston,secclestonr4@apple.com
Talia Spleving,tsplevingr5@myspace.com
Lauren Ashlin,lashlinr6@irs.gov
Neall Coughlan,ncoughlanr7@livejournal.com
Anatol Abba,aabbar8@hc360.com
Jenelle Cane,jcaner9@sogou.com
Mahmoud Landre,mlandrera@columbia.edu
Tucker Treagust,ttreagustrb@epa.gov
Erna Plaister,eplaisterrc@weebly.com
Calypso Hanmore,chanmorerd@wordpress.com
Ollie Demcik,odemcikre@gizmodo.com
Christiano Cowperthwaite,ccowperthwaiterf@sfgate.com
Farrel Boller,fbollerrg@creativecommons.org
Pat Ratlee,pratleerh@statcounter.com
Nerta Tartt,ntarttri@behance.net
Ruthi Saddler,rsaddlerrj@who.int
Ebenezer Manes,emanesrk@xrea.com
Taite Langlands,tlanglandsrl@harvard.edu
Chadd Dubs,cdubsrm@domainmarket.com
Hoyt Twinning,htwinningrn@slashdot.org
Giulietta Gives,ggivesro@ihg.com
Thorsten Petrou,tpetrourp@squidoo.com
Devland Fendley,dfendleyrq@liveinternet.ru
Anatola Spinozzi,aspinozzirr@fc2.com
